AptId,BuildingId,Price,NumBeds,NumBaths
1,103,785,4,4
2,104,809,4,3
3,102,869,4,4
4,100,739,4,4
5,100,749,4,4
6,105,680,3,2
7,107,715,5,5
8,108,750,4,2
9,101,850,4,4
10,103,775,4,3
11,109,839,4,4
12,101,855,4,4
13,110,550,4,2
14,101,855,4,4
15,108,850,4,2
16,106,675,3,2
17,101,899,4,4
18,108,799,4,2
19,111,646,4,2
20,112,450,4,3
21,113,395,4,2
22,114,620,2,2
23,115,670,4,2
24,116,650,2,1
25,117,650,3,1.5
26,118,445,2,1